year,quarter,company,role_bucket,speaker,quote,score
2018,4,Apple,CEO,Unknown,"Please note that some of the information you'll hear during our discussion today will consist of forward-looking statements, including, without limitation, those regarding revenue, gross margin, operating expenses, other income and expense, taxes, capital allocation, and future business outlook.",4.9
2018,4,Comcast,CEO,Unknown,"And those capabilities really do come together, I think, in the OTT announcement, just to pick that as an example, because not only will it draw out the best of our content creation capabilities, whether that's in film or television, whether that's original or real, you know, recurring series, it needs broadband to get the great capabilities of that streaming service.",3.0
2018,4,Comcast,CEO,Unknown,"And those capabilities really do come together, I think, in the OTT announcement, just to pick that as an example, because not only will it draw out the best of our content creation capabilities, whether that's in film or television, whether that's original or real, you know, recurring series, it needs broadband to get the great capabilities of that streaming service.",2.9
2018,4,Alphabet,CFO,Unknown,"The key drivers were first, content acquisition costs, primarily for YouTube, mostly for our advertising-supported content in what is a seasonally strong quarter for YouTube, but also for our newer subscription businesses, YouTube Premium and YouTube TV, which have higher CAC as a percentage of revenues.",7.7
2018,4,Alphabet,CFO,Unknown,"Turning to Investments and Profitability In terms of gross margin, the biggest component within cost of revenues remains our traffic acquisition costs, reflecting our strong revenue growth in mobile search and the fact that mobile search carries higher TAC than our desktop business.",7.7
2018,4,Alphabet,CFO,Unknown,"Total traffic acquisition costs were $7.4 billion, or 23% of total advertising revenues, and up 15% year over year.",6.9227
2018,4,Alphabet,CFO,Unknown,"Ruth Porat Chief Financial Officer We had a strong 2018 with total revenues of $136.8 billion, up 23% over 2017, reflecting the benefit of our ongoing investments to deliver exceptional experiences for users and compelling returns for our advertisers, partners, and enterprise customers.",6.8
2018,4,Alphabet,CFO,Unknown,"In terms of the expenses, I think what you're referring to is â Within other cost revenues, you know, the primary driver in the fourth quarter was the increase in content acquisition costs due to YouTube growth, and that's both for ad-supported content in what is typically a seasonally strong quarter and also for our newer subscription businesses, which do have higher CAC as a percentage of revenue.",6.7
2019,1,Paramount Global,CEO,Unknown,"Since CBS Interactive delivers premium video content with the data targeting of digital, our AVOD channels were launched to meet the growing demand among advertisers for premium video inventory.",6.0
2019,1,Paramount Global,CEO,Unknown,"And from a revenue perspective, we have one of the largest direct sales divisions on the Internet, selling the most in-demand inventory online, premium, addressable video.",4.9
2019,1,Paramount Global,CEO,Unknown,"And so we launched CBS All Access in October 2014 to serve our super fans with roughly 5,000 episodes from past and present broadcast seasons, a portion of our library, and live feeds of our owned and operated stations.",4.0
2019,1,Paramount Global,CEO,Unknown,"While CBS was an early innovator in SVOD, we have also been ahead of the game in AVOD, starting with the 2014 launch of CBSN, the first 24-7 OTT news channel, followed by the 2018 launches of CBS Sports HQ, ET Live, and CBSN New York.",4.0
2019,1,Paramount Global,CEO,Unknown,"Just a few examples historically include our partnership with Netflix and international territories for Star Trek Discovery, our participation with virtual MVPDs such as Hulu Live and YouTube TV, our channel deals for All Access and Showtime with Amazon, Roku, and Apple, our partnership with the NFL for CBS All Access, our Emmy Award-winning Snapchat Discover Show starring James Corden, our Facebook Watch partnership",3.0
2019,1,Paramount Global,CEO,Unknown,"And now when we're launching these new AVOD services, we roll right from CBSN, that team and that stack, you know, helps the CBS Sports HQ team and theirs.",3.0
2019,1,Paramount Global,CEO,Unknown,"Not only does this enable efficiencies in digital operations, but it also ensures an entrepreneurial drive and product expertise not seen in the digital divisions of most traditional media companies.",2.9
2019,1,Paramount Global,CEO,Unknown,"We believe the combination of 30-plus shows per season from the number one CBS television network, 11 shows per year and growing from all-access originals, the power of the award-winning Showtime lineup, our 10,000-plus episode library from Cheers to the Good Wife, our increasingly popular AVOD channels, our live local feed of over 200 CBS stations, and the dozens of premium live sports, news, and entertainment event",2.9
2019,2,Paramount Global,CEO,Unknown,"So, again, similar type of analysis is really what we're looking for to introduce, you know, again, content while, again, we're selling advertising against the good fight, which rates well.",5.0
2019,2,Disney,CEO,Unknown,"Bob Iger Chairman and Chief Executive Officer When we did the Netflix deal some way back, we envisioned, even though it was at that point far off, the possibility that one day we might want to launch our own service.",4.0
2019,2,Paramount Global,CEO,Unknown,"Again, it was to basically introduce The Good Fight, which we think is a highly acclaimed show, to a much broader audience that's on the CBS television network.",4.0
2019,2,Disney,CEO,Unknown,"Bob Iger Chairman and Chief Executive Officer When we did the Netflix deal some way back, we envisioned, even though it was at that point far off, the possibility that one day we might want to launch our own service.",3.9
2019,2,Paramount Global,CEO,Unknown,"Again, it was to basically introduce The Good Fight, which we think is a highly acclaimed show, to a much broader audience that's on the CBS television network.",3.9
2019,2,Disney,CEO,Unknown,"I don't believe we've announced a date for that yet, but we're continuing to look at expansion and right now our plans for expansion there are solely focused on Shanghai.",3.0
2019,2,Disney,CEO,Unknown,"Specifically in China, where business actually has been quite good lately, we have announced that we're expanding with a Zootopia land.",1.9136
2019,2,Disney,CFO,Unknown,"At broadcasting, operating income was lower in the quarter as growth in affiliate revenue was more than offset by higher programming costs lower program sales and a 3 percent decline in advertising revenue.",7.1
2019,3,Apple,CEO,Unknown,"Please note that some of the information you'll hear during our discussion today will consist of forward-looking statements, including, without limitation, those regarding revenue, gross margin, operating expenses, other income and expense, taxes, capital allocation, and future business outlook.",4.9
2019,3,Apple,CEO,Unknown,"We see this as a great opportunity to work with some of the leading talents in this field to grow our portfolio of wireless technology patents to over 17,000 to expedite our development of our future products and to further our long-term strategy of owning and controlling the primary technologies behind the products that we make.",4.9
2019,3,Apple,CEO,Unknown,"In May, We launched our all-new Apple TV app in over 100 countries, bringing together all the ways to watch TV in a single app across iPhone, iPad, Apple TV, and select smart TVs.",4.0
2019,3,Apple,CEO,Unknown,"In the United States, In addition to a successful integration into Portland's transit system in May, we're beginning the rollout of New York City transit and will launch in Chicago later this year.",4.0
2019,3,Apple,CEO,Unknown,"On so many fronts, there's an enormous amount to look forward to over the next few months, including the launch of new services like Apple Arcade Apple TV Plus, and Apple Card.",4.0
2019,3,Disney,CEO,Unknown,"It is going to be treated as the most important product that the company has launched, and I don't know, certainly during my tenure in the job, which is quite a long time.",4.0
2019,3,Disney,CEO,Unknown,"Implementation of our integration plan is well underway, a complex process given the magnitude of the endeavor, and we remain confident in our ability to successfully execute our strategy to drive maximum value from the combined company, and our appreciation for the long-term value we can create has increased.",3.9
2019,3,Apple,CEO,Unknown,"We also had our best WWDC ever last month packed with announcements of great new features coming this fall across our four software platforms, making them more powerful, more personal, and more private.",3.0
2019,4,Disney,CEO,Unknown,"As I said, our acquisition of 21st Century Fox was largely driven by the value it brought to our overall DTC strategy, adding a number of critical elements, including control of Hulu, which opens numerous growth opportunities domestically and internationally.",5.0
2019,4,Disney,CEO,Unknown,"In addition to creating a phenomenal product, we're supporting the launch of Disney+, with an unprecedented marketing campaign drawing on every existing connection the Walt Disney Company has with consumers.",5.0
2019,4,Disney,CEO,Unknown,"It's an historic effort to raise awareness and drive demand, one that reflects our all-in commitment to the strategic initiative and our determination to launch big and scale fast.",5.0
2019,4,Paramount Global,CEO,Unknown,"We have must-see content in news, in sports, in entertainment, and we have a model that gets deals done, including having a range of partnership levers, whether that's in advanced ad sales, doing more and more working with them in the broadband space, You know, we started that with Pluto.",5.0
2019,4,Disney,CEO,Unknown,"As I said, our acquisition of 21st Century Fox was largely driven by the value it brought to our overall DTC strategy, adding a number of critical elements, including control of Hulu, which opens numerous growth opportunities domestically and internationally.",4.9
2019,4,Disney,CEO,Unknown,"Bob Iger Chairman and Chief Executive Officer We're now just days away from launching Disney+, the culmination of four years of planning, organizational transformation, and a lot of hard work.",4.0
2019,4,Disney,CEO,Unknown,"As you know, we began this process with the acquisition of Bantech, which gave us the means to implement our DTC strategy, putting us into the market quickly and ensuring we had the technology to deliver a quality experience.",4.0
2019,4,Disney,CEO,Unknown,"And today, I'm pleased to announce On March 31st, Disney Plus will launch in markets across Western Europe, including the UK, France, Germany, Italy, Spain, and a number of other countries in the region.",4.0
2020,1,Disney,CEO,Unknown,they still exist and obviously the virus has slowed things down a bit but we expect that when that passes that we will start looking expansively in other territories and of course lastly there's a yield story to tell and that's been exceptional that is a combination of things but clearly a far more sophisticated more thoughtful pricing strategy has helped a lot at taking advantage of peak periods and pricing leverage,5.9
2020,1,Comcast,CEO,Unknown,"While this certainly wasn't our plan, there may not have been a better time to launch our free ad-supported streaming product, Peacock, for Xfinity customers.",5.0
2020,1,Disney,CEO,Unknown,"So it's far too early for us after basically a quarter and â a little bit more under our belt, to change our guidance, having not launched in any of the big international markets yet.",4.0
2020,1,Comcast,CEO,Unknown,"Our strategy has not changed, but our pace and tactics are being reprioritized so that we can emerge quickly as industry leaders across each of our businesses.",3.9
2020,1,Comcast,CEO,Unknown,"While we have limited access to people's homes as we shelter in place, we continue to connect customers with our newly implemented drop-and-go strategy, and we've had tremendous success with our self-install kits, which are especially easy for broadband.",3.9
2020,1,Disney,CEO,Unknown,So we have probably more of a marketing effort and I'd say more of a challenge now to launch in those markets.,3.4
2020,1,Comcast,CEO,Unknown,"And then we have businesses like theme parks, as well as television and film production, which will be under substantial duress because we must shelter in place.",1.9
2020,1,Disney,CFO,Unknown,"ESPN's domestic linear advertising revenue was down 4.5% in the first quarter due to lower average viewership, primarily for NBA and college football regular season games.",6.1
2020,2,Meta Platforms,CEO,Unknown,"We saw an increase in portal sales across the whole product line this quarter, and Quest which we launched last May, already has more usage than any other device in our ecosystem.",4.0
2020,2,Spotify,CEO,Unknown,"And with that, I'm very excited about both the launches we've already had, but also the coming announcements in the coming quarters about all the other shows that we're making, that there should be something for every single person on the Spotify platform, and more and more of those shows will only exist on Spotify.",4.0
2020,2,Meta Platforms,CEO,Unknown,"Economically, With the initial CARES Act stimulus ending here in the U.S., it's unclear what the economic outlook will be during this next period.",2.8636
2020,2,Spotify,CEO,Unknown,"Because this, as we have talked about before, even with the announcement of Joe Rogan, this was the number one searched for show on Spotify that we're now including.",2.0
2020,2,Spotify,CEO,Unknown,"So I think the combination of those two growth will still be the priority, given that we're talking about in the billions.",1.7545
2020,2,Disney,CFO,Unknown,"Cable results reflect the consolidation of the 21 CF cable businesses, largely offset by a decrease at ESPN, where growth in affiliate revenue was more than offset by higher programming and production costs and lower advertising revenue.",7.1
2020,2,Comcast,CFO,Unknown,"But I think the question that's coming in is why does that affect high-speed data revenue growth rates, which we said adjusted for that are up 9% versus, you know, the printed number.",6.1
2020,2,Disney,CFO,Unknown,"Total broadcasting ad revenue was 3% higher in the quarter, driven by consolidation of 21 CF and higher political advertising at our owned stations.",6.0727
2020,3,Amazon,CEO,Unknown,"The largest portion of these costs relate to continued productivity headwinds in our facilities, including process revisions to allow for social distancing and incremental costs to ramp up new facilities and the large influx of new employees hired to support strong customer demand.",6.2
2020,3,Comcast,CEO,Unknown,"We've seen a number of ways, and it leads right into advertising, because it's an ability to not only give you a good experience in charge through our subscription fees, depending on what level of service it is, but in the case of whether it's lower churn for our broadband, whether it's additional advertising with Zumo and on smart television platforms and other things we have on our roadmap, which are very exciting,",4.9
2020,3,Disney,CEO,Unknown,"In terms of the general entertainment offering internationally, we want to mirror our successful Disney Plus strategy by using our Disney Plus technical platform, rooting it in content that we already own, and distributing it under a successful international brand that we also already own, which is, of course, Star, and then bringing it to market in a very close association to Disney.",4.9
2020,3,Apple,CEO,Unknown,"We attribute this increase in demand to several interactive causes, including a strong iPhone SE launch, continued economic stimulus, and potentially some benefit from shelter-in-place restrictions lifting around the world.",4.7
2020,3,Comcast,CEO,Unknown,"Our third strategic priority is streaming, which not only provides us with another increasingly important way to reach our viewers and monetize our content, but it also drives demand for higher speeds and more reliable broadband and differentiates and improves the economics of aggregation.",4.6
2020,3,Apple,CEO,Unknown,"Based on these results and our performance over the last four quarters, we are proud to announce that we have achieved our goal of doubling our fiscal 2016 services revenue six months ahead of schedule.",4.0
2020,3,Apple,CEO,Unknown,"Earlier this month, we announced significant enhancements to the Develop and Swift and Everyone Can Code curricula, and we launched a new professional learning course available exclusively to educators.",4.0
2020,3,Comcast,CEO,Unknown,"After launching nationwide just this past July, we are excited to already have nearly 22 million Peacock sign-ups to date and have exceeded all of our internal engagement metrics, even without having the benefit of the 2020 Olympics.",4.0
2020,4,Apple,CEO,Unknown,"And Apple One, launching tomorrow, is the easiest way for users to enjoy Apple services like Music, TV+, Arcade, iCloud, News+, and Fitness+, on a single plan that is right for them and their family.",4.0
2020,4,Comcast,CEO,Unknown,And the main priority was today to get to this announcement of our expectations and then go ahead and hopefully see the world go in the right direction here and continue on the path we're on and get to the execution of that later in this year.,4.0
2020,4,Comcast,CEO,Unknown,And the main priority was today to get to this announcement of our expectations and then go ahead and hopefully see the world go in the right direction here and continue on the path we're on and get to the execution of that later in this year.,3.9
2020,4,Amazon,CEO,Unknown,"And today we announced that our founder and CEO, Jeff Bezos, will transition to the role of executive chair in the third quarter of this year, and that Andy Jassy will become chief executive officer at that time.",3.0
2020,4,Paramount Global,CEO,Unknown,"Today, Pluto is the number one free ad-supported streaming television service in the United States and is quickly becoming a leading fast service around the world.",2.9
2020,4,Amazon,CEO,Unknown,"Amazon Music launched podcasts in September, and in Q4, Prime members listened to millions of hours of podcasts each month.",2.8591
2020,4,Paramount Global,CEO,Unknown,"In addition to film, our Paramount Television Studios has had huge success with shows for a wide variety of platforms.",2.7364
2020,4,Paramount Global,CEO,Unknown,"Lastly, let me say that Paramount Plus is not the only part of our streaming strategy that makes us unique.",2.6864
2021,1,Apple,CEO,Unknown,"Through our partnership with Product Red, we've adapted our 14-year, $250 million effort to support HIV and AIDS work globally to ensure that care continues even in the time of COVID.",5.0
2021,1,Apple,CEO,Unknown,"Please note that some of the information you'll hear during our discussion today will consist of forward-looking statements, including without limitation, those regarding revenue, gross margin, operating expenses, other income and expense, taxes, capital allocation, and future business outlook, including the potential impact of COVID-19 on the company's business and results of operations.",4.9
2021,1,Apple,CEO,Unknown,"The program launched on January 1st, and we are already hearing from developers about how this change represents a transformation in their potential to create and grow on the App Store.",4.0
2021,1,Apple,CEO,Unknown,"The Propel Center launched with a $25 million commitment and with the support of historically black colleges and universities across the country, will help support the next generation of leaders in fields ranging from machine learning to app development to entrepreneurship and design.",4.0
2021,1,Roku,CEO,Unknown,"We've also found, and our strategy basically is to take the formula that's worked well for us in the US, our strategy, our products, our relationships, which are often with global companies, and use that same strategy in international markets, and focus on you know, kind of one market at a time and adding more markets.",3.9
2021,1,Roku,CEO,Unknown,"Let me just add one small thing, which is that DAI, you know, digital ad insertion, is something that's really relevant to televisions.",3.8136
2021,1,Disney,CEO,Unknown,"I think you've all seen several new announcements about things that we've done recently that may have been heresy prior to the pandemic, like recasting of our annual past program at Disneyland and reconsidering the overwhelming demand we have relative to supply.",3.0
2021,1,Meta Platforms,CEO,Unknown,"And we have a team internally that's focused on both first party, I guess it's all, first party, second party, and third party content, and making partnerships with studios.",3.0
2021,2,Paramount Global,CEO,Unknown,"And in 2022, We expect Pluto TV to launch in additional markets, including the Nordics, Benelux, Canada, Poland, and more.",4.8545
2021,2,Paramount Global,CEO,Unknown,"So it really is a modernization, a broadening, a making these partnerships even stronger as we together transform the benefit and for ViacomCBS, the business, and for ViacomCBS really accelerate the growth of our streaming portfolio.",4.7
2021,2,Paramount Global,CEO,Unknown,"This deal includes carriage renewals for our linear services, as well as renewals for our existing ad sales representation deals, plus robust launches of our streaming services to their sub-base in all the countries in 2022.",4.0
2021,2,Paramount Global,CEO,Unknown,I know from my decade running our international business that every market is different and often requires different strategies and partnerships to succeed.,4.0
2021,2,Paramount Global,CEO,Unknown,"Look, we continue to be extremely excited about the momentum and go-forward potential of our organic strategy as we leverage the assets of ViacomCBS to create value overall and certainly with respect to streaming.",3.9
2021,2,Paramount Global,CEO,Unknown,"So just to frame it, our streaming strategy overall is to access the largest total addressable market and do so by leveraging the full power of ViacomCBS.",3.9
2021,2,Paramount Global,CEO,Unknown,"And to that end, we saw a compelling opportunity to use renewals in the UK, Italy, and Germany to both elongate and continue to transform our business and specifically accelerate our streaming strategy.",3.6
2021,2,Paramount Global,CEO,Unknown,"For kids and young adults, we saw tremendous viewership for the new iCarly series, which was a leading acquisition driver in the quarter and which was just renewed for season two.",3.0
2021,3,Comcast,CEO,Unknown,"So I don't think we really haven't changed our the strategic imperative behind mobile, but most certainly things have accelerated, and that we are very focused on how we leverage mobile to support broadband, Once, you know, we successfully worked on the Verizon relationship and improved the MVNO relationship, we're able to go to market with and launching the new unlimited plans, combining that with buy the gig, just ",5.7
2021,3,Comcast,CEO,Unknown,"We see a lot of potential to take share in our large addressable market, which just got even bigger post our recent acquisition of Masergy, which builds on our strong offering of technology solutions.",4.7
2021,3,Comcast,CEO,Unknown,"All of Dave Watson and his team's superb execution is around decades of investment that has led to constant new product innovation, including this month's launch of X-Class TV, an extension of our leadership in video aggregation.",4.0
2021,3,Comcast,CEO,Unknown,"Our cable division continues to be a standout, delivering over 7% revenue growth and the fifth consecutive quarter of double-digit EBITDA growth, up 10%, fueled by our broadband business, which generated 300,000 net additions and contributed to a very healthy 255,000 net new customer relationships.",3.9
2021,3,Paramount Global,CEO,Unknown,"So while our strategy has shifted to become much more focused on owned and operated streaming with our franchises, et cetera, there is a tail to the call it legacy deals we've done.",3.9
2021,3,Comcast,CEO,Unknown,"We're also looking forward to extending our streaming platforms outside of the U.S., with Peacock launching on Sky next month and Sky Showtime in the works for mid-2022.",3.0
2021,3,Comcast,CEO,Unknown,"And so I was in London for the launch of Skyglass, and we've been working on it since the day we bought Sky, taking about three years to see it come to fruition.",3.0
2021,3,Comcast,CEO,Unknown,"So our importance to the streaming universe will continue to grow, and our relationship, and certainly the Apple announcement today, is the latest iteration of that.",3.0
2021,4,Apple,CEO,Unknown,"Please note that some of the information you'll hear during our discussion today will consist of forward-looking statements including, without limitation, those regarding revenue, gross margin, operating expenses, other income and expense, taxes, capital allocation, and future business outlook, including the potential impact of COVID-19 on the company's business and results of operations.",4.9
2021,4,Spotify,CEO,Unknown,"But honestly, when you look back, when we've made these batch launches before, which we've made a number of different times, we had a very similar one in LATAM.",4.0
2021,4,Apple,CEO,Unknown,"We also announced our all-new AirPods that feature spatial audio and industry-leading sound, longer battery life, and an all-new design.",3.9182
2021,4,Apple,CEO,Unknown,"But in general, I think that the marriage, if you will, or partnership between Apple and the carrier channel has never been stronger and that it's on very solid footing.",3.7
2021,4,Apple,CEO,Unknown,"At the end of the September quarter, we introduced our iPhone 13 lineup, as well as the Apple Watch Series 7, iPad, and iPad Mini, all of which represent significant advances.",3.0
2021,4,Apple,CEO,Unknown,"We also announced a new subscription tier to Apple Music called Apple Music Voice, which offers subscribers access to the services catalog of 90 million songs, all through the power of Siri.",3.0
2021,4,Spotify,CEO,Unknown,in the Latam launch was a very tough market where Argentina turned out to be a very easy growth market when we launched many years ago in Latam.,2.9545
2021,4,Spotify,CEO,Unknown,And so I can't really announce any specific on this other than to say that we're in constant dialogue with our partners to bring this to market.,1.9545
2022,1,Paramount Global,CEO,Unknown,"While many legacy streamers are rethinking their paid-only models, our mix of free ad-supported and paid subscription streaming options has been a hallmark of our strategy from the start, offering viewers the freedom to choose the plan that's right for them and giving us access to the largest global total addressable market while providing the benefit of dual revenue streams.",6.9
2022,1,Amazon,CEO,Unknown,"Companies like Telefonica, Verizon, Boeing, MongoDB, Amdocs, Bundesliga, Maple Leaf Sports and Entertainment, the NHL, and Thread announced new agreements and service launches supported by AWS.",5.0
2022,1,Apple,CEO,Unknown,"Please note that some of the information you'll hear during our discussion today will consist of forward-looking statements, including, without limitation, those regarding revenue, gross margin, operating expenses, other income and expense, taxes, capital allocation, and future business outlook, including the potential impact of COVID-19 on the company's business and results of operations.",4.9
2022,1,Paramount Global,CEO,Unknown,As an additional option and that'll set us up because we have the opportunity to do that with other brands as well So again serving super fans with a super broad offering but still offering some a la carte options We think is the right strategy.,4.9
2022,1,Paramount Global,CEO,Unknown,"So, yeah, we view all the discussion on advertising as a validation of our strategy, but we are the leader, and we have real assets here, and we will continue to push ahead and lead this market.",4.9
2022,1,Microsoft,CEO,Unknown,"Then with the Industry Cloud, we add value on top of that, which is specific, whether it's in retail, whether it's manufacturing, obviously in healthcare, and our pending Nuance acquisition will even add further to that.",4.0
2022,1,Paramount Global,CEO,Unknown,"Pluto launched more than 102 new channels internationally in the quarter for a total of now more than 1,000 global channels of great entertainment on the platform.",4.0
2022,1,Paramount Global,CEO,Unknown,"And based off the success of Jackass Forever, we're working with the creators to continue the partnership with a new series, bringing even more ridiculous antics straight to Paramount+.",4.0
2022,2,Alphabet,CEO,Unknown,"With an uncertain global economic outlook, our strategy to invest in deep technology and computer science to build helpful products for the long term is the right one.",5.5
2022,2,Apple,CEO,Unknown,"Please note that some of the information you'll hear during today's discussion will consist of forward-looking statements, including, without limitation, those regarding revenue, gross margin, operating expenses, other income and expense, taxes, capital allocation, and future business outlook, including the potential impact of COVID-19 on the company's business and results of operations.",4.9
2022,2,Spotify,CEO,Unknown,"But the trend line that we've seen now, as indicated since really our launch in 2008, is once we go through these growth spurts in MEU, it always, always leads to better subscriber numbers over time.",4.0
2022,2,Disney,CEO,Unknown,"So that domestic yield strategy has really structurally allowed us to increase that per capita spending meaningfully without having to rely solely on raising ticket prices, and we don't see any end in sight for that.",3.9
2022,2,Alphabet,CEO,Unknown,"and we continue to introduce new cybersecurity products that help customers detect, protect, and respond to a broad range of cybersecurity threats.",2.9682
2022,2,Alphabet,CEO,Unknown,"It also began charging trusted tester riders in San Francisco, a step closer to launching a commercial service with fully autonomous trips.",2.9318
2022,2,Alphabet,CEO,Unknown,"And a new immersive view in maps uses computer vision, AI, and billions of images to create high-fidelity representations of places around the world.",2.8773
2022,2,Amazon,CFO,Unknown,"This third quarter guidance assumes we see approximately $1.5 billion in quarter-over-quarter sequential cost improvement in our fulfillment network operations, which we expect will be largely offset by investments in AWS and additional digital content for Prime members.",8.8
2022,3,Roku,CEO,Unknown,"We are extending our ecosystem, and as we look ahead, we remain confident that our strategy and business model are the best way to maximize the opportunity to deliver both growth and profitability to our investors.",5.9
2022,3,Apple,CEO,Unknown,"And but in addition to those things, which those things affected all the products to some degree, we also had a different launch timing for certain home and accessory products.",5.0
2022,3,Microsoft,CEO,Unknown,Satya Nadella Chairman and Chief Executive Officer perfect um so i i think on the commercial side uh i think it's well understood is that windows is the socket for microsoft 365 we have tremendous value amy referenced this earlier uh in fact we just launched windows 11 um and uh pro value with windows 365 that's resonating super well the customer sat adoption rates uh when it comes whether it's security whether it's ,5.0
2022,3,Roku,CEO,Unknown,"So, you know, we'll see, but I'm, but I think the big picture around Charlie is just that, you know, he's a very senior media executive with a lot of experience in advertising and in content and programming and the strategy of running a media company.",4.9
2022,3,Roku,CEO,Unknown,"Anthony Wood Founder & Chief Executive Officer Yeah, I mean, I can say a few words about what we're seeing in the ad business, and then maybe Steve has something, some comments on that as well, and our guidance, I mean, our outlook.",4.9
2022,3,Apple,CEO,Unknown,"We recently announced that the Global Equity Innovation Hub, in partnership with Cal State Northridge, will provide new community grants to Hispanic-serving institutions to help the next generation of creators and innovators build skills and pursue high-demand careers in STEM.",4.0
2022,3,Meta Platforms,CEO,Unknown,"I think that there's a number of different products and platforms that we're building where we think we're doing leading work that will become launching consumer products and then eventually mature products at different cadences, different periods of time over the next five to ten years.",4.0
2022,3,Roku,CEO,Unknown,"You know, and again, just to recap, for those that don't know our strategy here, you know, if you think about when new computing platforms emerge, like happened with PCs, you get a lot of initial contenders or legacy businesses, and then it consolidates down to a small handful of winners.",3.9
2022,4,Paramount Global,CEO,Unknown,"where we gained important streaming footholds in international markets, including launches in the UK, Ireland, Italy, France, Germany, the Nordics, Canada, and South Korea, and where we created new and expanded partnerships with the likes of Walmart, Delta, Sky, Canal Plus, Chorus, Amazon, Roku, and others to rapidly become a streaming partner of choice in the transforming media landscape globally.",6.0
2022,4,Amazon,CEO,Unknown,"And it's one of the advantages that we've talked about since we launched AWS in 2006 of the cloud, which is that when it turns out you have a lot more demand than you anticipated, you can seamlessly scale up.",5.0
2022,4,Paramount Global,CEO,Unknown,"Our world-class content engine has driven the biggest subscriber additions in paid streaming since launch, including an industry-leading 9.9 million new Paramount Plus subscribers in Q4.",5.0
2022,4,Paramount Global,CEO,Unknown,"And finally, we see partnerships as another level for revenue growth, including new relationships with Delta, 3, and Orange, among others.",4.9273
2022,4,Paramount Global,CEO,Unknown,"And with respect to the cost of general entertainment, which you didn't specifically ask, but certainly was built into that conversation that you're referring to, look, our multi-platform strategy and franchise focus ensure we can build a differentiated content slate and simultaneously create a compelling content ROI.",4.9
2022,4,Warner Bros Discovery,CEO,Unknown,"All the meetings that I've had in the last two weeks are about great content that we're producing, meeting with creatives that want to come here, what more shows are we going to be selling, what more shows are we going to be keeping on our platform, and getting ready for our new launch.",4.0
2022,4,Paramount Global,CEO,Unknown,"And our one Paramount has had one approach, a multi-platform strategy that leverages our existing business, our distinct content strategy, and our expansive relationships to evolve successfully through an industry-wide transformation.",3.9
2022,4,Paramount Global,CEO,Unknown,"Bob Backish President & CEO yeah sure ben so the first part of your question obviously 2022 extremely successful year for paramount pictures six number ones at the box office in the u.s on an eight picture slate which gave us really a better hit rate certainly than the industry average um no question our film investment is paying real dividends as you know we both monetize it in the theater and on Paramount+, and so ",3.9
2023,1,Apple,CEO,Unknown,And we feel very good about the product that we announced back in September and are happy to now be at a point where we're shipping to the demand.,2.9636
2023,1,Roku,CEO,Unknown,"I'll just say that data partnerships are definitely an area that we're focused on, and there's great value in a bunch of different ways.",2.9182
2023,1,Warner Bros Discovery,CEO,Unknown,"Before we start, I'd like to remind you that today's conference call will include forward-looking statements that we make pursuant to the safe harbor provisions of the private securities litigation reform act of 1995.",1.9
2023,1,Warner Bros Discovery,CFO,Unknown,I remain confident in our guidance of adjusted EBITDA in the range of low to mid $11 billion and one-third to one-half conversion to free cash flow.,7.0727
2023,1,Amazon,CFO,Unknown,"We also saw strong engagement in our advertising services, with revenue up 23% year-over-year, excluding the impact from changes in foreign exchange rates.",6.8
2023,1,Disney,CFO,Unknown,"However, we delivered a significant improvement on a quarter-over-quarter basis at our direct-to-consumer business, As we progress on our path towards profitability, with Q1 operating losses improving sequentially by over $400 million from Q4, the sequential improvement at DTC was driven by higher revenue and lower SG&A costs, partially offset by higher programming and production costs.",6.8
2023,1,Disney,CFO,Unknown,"Broadcasting and our other domestic cable networks will be adversely impacted in the second quarter by approximately $300 million, driven primarily by headwinds in advertising and, to a lesser extent, affiliate revenue.",6.7
2023,1,Warner Bros Discovery,CFO,Unknown,"That is, after accounting for the NCAA Men's Final Four last year and the Stanley Cup Finals this year, which combined will account for a net 200 basis points headwind to Global Network's advertising revenues.",6.7
2023,2,Disney,CEO,Unknown,"Bob Iger Chief Executive Officer On the integrated app experience that we announced today, that's for consumers that have subscribed to both services for now.",2.0
2023,2,Roku,CEO,Unknown,"Devices are a customer acquisition channel for us, and how much we spend there varies based on a lot of factors, including looking at the value of the customers we receive and the return from different segments of distribution.",2.0
2023,2,Disney,CFO,Unknown,"Second quarter domestic linear advertising revenue declined 10% year-over-year, although ESPN ad revenue was up 2% or flat when adjusted for certain non-comparable items, including CFP timing.",7.1
2023,2,Disney,CFO,Unknown,"While domestic subs declined slightly in the quarter from continued impacts from the price increase, domestic ARPU increased sequentially by 20%, reflecting strong subscription revenue growth.",5.8
2023,2,Meta Platforms,CFO,Unknown,"In 2024 specifically, I think that'll be driven by a combination of both headcount related and operating costs related.",4.9409
2023,2,Apple,CFO,Unknown,"Just to remind you, in the June quarter a year ago, we had the full quarter impact of the launch for both of the iPhone SE and the iPad Air.",4.9364
2023,2,Disney,CFO,Unknown,"At linear networks, results were consistent with guidance given last quarter, driven by decreases of approximately $800 million at our domestic linear networks and $160 million at our international linear networks.",4.1
2023,2,Disney,CFO,Unknown,"Second quarter domestic linear networks affiliate revenue decreased by 2% from the prior year, driven by a six-point decline from fewer subscribers, partially offset by three points of growth from contractual rate increases.",4.1
2023,3,Apple,CEO,Unknown,"Please note that some of the information you'll hear during our discussion today will consist of forward-looking statements including, without limitation, those regarding revenue, gross margin, operating expenses, other income and expense, taxes, capital allocation, and future business outlook, including the potential impact of macroeconomic conditions on the company's business and the results of operations.",5.9
2023,3,Roku,CEO,Unknown,"You know, it was that sports experience when we launched it was sponsored by T-Mobile, which is not a traditional M&E advertiser for us.",4.9182
2023,3,Disney,CEO,Unknown,"Overall, we're considering potential strategic partnerships for ESPN, looking at distribution, technology, marketing, and content opportunities where we retain control of ESPN.",4.0
2023,3,Roku,CEO,Unknown,"Just some examples, you know, when we launched the Sports Zone, for example, which is a big pain point for viewers, how do they find which of the many streaming services their favorite game is being played on currently?",4.0
2023,3,Disney,CEO,Unknown,"Yesterday, it was announced that ESPN has entered into an exclusive licensing arrangement with Penn Entertainment to further extend the ESPN brand into the growing sports betting marketplace.",3.0
2023,3,Roku,CEO,Unknown,"I'll just point out an important component of our Roku channel business model, which I think a lot of people understand, but maybe not everyone, which is that Roku's big strategic advantage is that with a platform that a large number of people use to watch television.",2.9
2023,3,Roku,CEO,Unknown,"And, you know, it's an innovating way to create ways for viewers to discover content and also to create experiences that they find compelling in our user interface and then integrate promotion, marketing, sales into those experiences is a big part of our strategy of monetizing our install base.",2.9
2023,3,Apple,CEO,Unknown,"I would say if you think about the iPhone results year over year, you have to think about the SE announcement in the year-ago quarter, the iPhone SE announcement in the year-ago quarter.",2.0
2023,4,Apple,CEO,Unknown,"Please note that some of the information you'll hear during our discussion today will consist of forward-looking statements including, without limitation, those regarding revenue, gross margin, operating expenses, other income and expense, taxes, capital allocation, and future business outlook, including the potential impact of macroeconomic conditions on the company's business and results of operations.",5.9
2023,4,Meta Platforms,CEO,Unknown,"and to improve our financial performance, primarily with the goal of providing stability so we can invest in these long-term ambitious visions around AI and metaverse over what we see as the coming decade or more as these things play out.",5.6
2023,4,Disney,CEO,Unknown,"We're not giving any guidance beyond our guidance about becoming profitable at the end of 2024, but the building blocks are in place to turn this into a real growth business for us, and the recent announcement about purchasing the remaining stake in Hulu is just one of those building blocks.",5.0
2023,4,Roku,CEO,Unknown,"I mean, we're seeing new sports services launched, used to be that you couldn't get access to sports content without having a subscription to additional traditional pay TV, that's really changed.",5.0
2023,4,Disney,CEO,Unknown,"Clearly, we've got technology improvements in the works, whether it comes to account sharing or whether it comes to basically lowering customer acquisition costs and churn and lowering marketing expenses and growing margins.",4.7
2023,4,Warner Bros Discovery,CEO,Unknown,"the ability to now have a profitable streaming business and to keep that business profitable and growing in a year where we're launching in multiple markets around the world, where we're deploying real capital to build the brand, to market the programming, and to have the infrastructure around the world.",4.0
2023,4,Disney,CEO,Unknown,Bob Iger Chief Executive Officer thanks Michael regarding charter first of all as we said when we did the deal we think it's a great deal for us also think it's a great deal for charter it doesn't really change things much in terms of our strategy because when you look at the deal it actually ended up reflecting exactly what our strategic priorities are that is streaming and and and the distribution agreement is for ,3.9
2023,4,Roku,CEO,Unknown,"Like what are the features and what are the areas of the product, what's the strategy that will fundamentally just drive increased platform revenue growth?",3.9
2024,1,Meta Platforms,CEO,Unknown,"Our outlook for that, I think, has improved quite a bit because previously we thought that that would need to wait until we had these full holographic displays to be a large market.",5.6
2024,1,Warner Bros Discovery,CEO,Unknown,"um we're a global business we're in business almost in virtually every country in the world with multiple channels or free to air channels and uh two-thirds of of a mature if if if the subscription business is gestationally beginning to mature come from outside the us you know so when we launch with the olympics we're just getting started outside the us so when you look at our subs You know, this is a big moment for ",5.0
2024,1,Apple,CEO,Unknown,"Please note that some of the information you'll hear during our discussion today will consist of forward-looking statements including, without limitation, those regarding revenue, gross margin, operating expenses, other income and expense, taxes, capital allocation, and the future business outlook, including the potential impact of COVID-19 on the company's business and results of operations.",4.9
2024,1,Warner Bros Discovery,CEO,Unknown,"And when you saw deals here in the U.S., this innovative deal that Bob and Chris did with Charter and Disney, those are deals outside the U.S., that you'll see replicated or already happening, you'll see it as we launch, that allow for a real advantage for the fact that we're already in business.",4.0
2024,1,Warner Bros Discovery,CEO,Unknown,"When we launch House of the Dragon again, every platform everywhere in the world will be promoting it but it won't be just in spots it'll be all of our talent talking about what's coming up on max and and it's something that's become very attractive and it's it's recognized in the community that that this is a place where if you create great content that the warner brothers discovery team will globally get behind it ",4.0
2024,1,Comcast,CEO,Unknown,But the main strategy has always been to have the superior product in the market with fantastic service and constant innovation and do it in a capital way that where our investment is consistent and within the guidelines that we've previously talked about.,3.9
2024,1,Roku,CEO,Unknown,Anthony Wood Founder & Chief Executive Officer We recently launched the NBA Zone in partnership with the NBA in April.,3.8364
2024,1,Comcast,CEO,Unknown,"But having now this now strategy to help consumers with a super easy on, you know, it's all there in a prepaid market.",3.7364
2024,2,Apple,CEO,Unknown,"Please note that some of the information you'll hear during our discussion today will consist of forward-looking statements, including, without limitation, those regarding revenue, gross margin, operating expenses, other income and expense, taxes, capital allocation, and future business outlook, including the potential impact of macroeconomic conditions on the company's business and results of operations.",5.9
2024,2,Warner Bros Discovery,CEO,Unknown,"David Zasloff President and Chief Executive Officer One of the strategic advantages of owning all of our IP is as the world has changed, it used to be you launch a movie or you launch a TV series and then you do a game.",4.0
2024,2,Apple,CEO,Unknown,"And we recently added Vision Pro to that, and we're thrilled with what we see there in terms of interest from big companies buying some to explore ways they can use it.",3.9
2024,2,Meta Platforms,CEO,Unknown,And that's why we don't feel like we need to necessarily build a cloud and sell it directly in order for it to be a really positive business strategy for us.,2.9
2024,2,Comcast,CEO,Unknown,"Inside, and we'll have, when it gets all announced, the detail that Mike described, we have probably more content than anybody.",2.8773
2024,2,Roku,CFO,Unknown,"Dan Jetta Chief Financial Officer We anticipate total net revenue of $1.01 billion, gross profit of $440 million, with gross margin of 44%, and adjusted EBITDA of $45 million.",7.1
2024,2,Meta Platforms,CFO,Unknown,Our guidance assumes foreign currency is a 2% headwind to year-over-year total revenue growth based on current exchange rates.,6.5727
2024,2,Roku,CFO,Unknown,"On the device side, we expect Q3 revenue to grow 24% and margins to be in line with Q2 in the negative low double digits, reflecting continued expansion and investment in our Roku-branded TV program.",6.1
2024,3,Roku,CEO,Unknown,"We just recently launched the Roku Ad Manager, which is a self-service platform targeting advertisers that want to interact with us on a self-serve basis, and particularly small and medium-sized businesses.",5.0
2024,3,Meta Platforms,CEO,Unknown,"We also launched teen accounts this quarter, which add built-in protections that limit who teens are messaging and what content they can see.",3.9409
2024,3,Disney,CEO,Unknown,Bob Iger Chief Executive Officer I know I've sounded like a broken record because I've talked about strategic partnerships for ESPN over the last number of quarters.,3.7
2024,3,Meta Platforms,CEO,Unknown,Mark Zuckerberg CEO This was a good quarter with strong product and business momentum and with parts of our long-term vision around AI and the future of computing coming into sharper focus.,3.6
2024,3,Meta Platforms,CEO,Unknown,We've deepened our partnership with Essilor Luxottica to build future generations of smart eyewear that deliver both cutting-edge technology and style.,2.9864
2024,3,Meta Platforms,CEO,Unknown,"Or on the business side, we do want to continue making progress on this vision of making it so that any small business or any business over time can, with a few clicks, stand up an AI agent that can help do customer service and sell things to all of their customers around the world.",2.9
2024,3,Roku,CEO,Unknown,"And, you know, I view that as a huge opportunity as those to make it easy for those kinds of businesses to start to easily generate and deliver a high-quality television-based ad, the same way they can do an AdWord today, for example.",2.9
2024,3,Meta Platforms,CEO,Unknown,And I think that this partially comes from having a vision and roadmap that is aligned with the direction that technology is heading.,2.8045
2024,4,Apple,CEO,Unknown,"Please note that some of the information you'll hear during our discussion today will consist of forward-looking statements, including without limitation, those regarding revenue, gross margin, operating expenses, other income and expense, taxes, capital allocation, and future business outlook, including the potential impact of macroeconomic conditions on the company's business and results of operations.",5.9
2024,4,Samsung,CEO,Unknown,"As robot AI drives future robotics competitiveness, we are strengthening our capabilities through in-house development, strategic investments, and partnerships with leading global robotics AI and platform companies to ensure continuous advancement.",5.0
2024,4,Disney,CEO,Unknown,"In television, our branded series and general entertainment programming are performing exceptionally well, drawing new audiences and winning an unprecedented number of accolades, including a record-breaking 60 Emmy Awards.",4.6
2024,4,Warner Bros Discovery,CEO,Unknown,And we're also focused on executing our strategy while ensuring we're able to take advantage of broader market opportunities as they arise.,3.8318
2024,4,Disney,CEO,Unknown,"We launched in LATAM just this week, and we now are â we have password-sharing or anti-password-sharing initiatives, I think, in over approximately 130 countries.",3.0
2024,4,Meta Platforms,CEO,Unknown,So I think that there's been a lot of people who have read this announcement as if we somehow don't care about adding context to things that are on our platform that are misinformation.,3.0
2024,4,Roku,CEO,Unknown,"And, you know, we announced, I think, last quarter that we expected to In the not-too-distant future, past 100 million streaming households were on track for that to happen.",3.0
2024,4,Apple,CEO,Unknown,"This week is a very exciting week for us because we just rolled out three days, three launches of different Macs and desktops and laptops.",2.9273
2025,1,Apple,CEO,Unknown,"Please note that some of the information you'll hear during our discussion today will consist of forward-looking statements, including, without limitation, those regarding revenue, gross margin, operating expenses, other income and expense, taxes, capital allocation, and future business outlook, including the potential impact of macroeconomic conditions on the company's business and results of operations.",5.9
2025,1,Amazon,CEO,Unknown,"Additionally, just a couple days ago, Project Kuiper reached a significant milestone by launching our first satellites into orbit, with more being launched soon, and we expect to begin offering service to customers later this year.",5.0
2025,1,Roku,CEO,Unknown,"So, yeah, just to remind everyone, our initiatives, our strategy to grow platform revenue, one is grow our ad business, and a big part of that is integration with third-party DSPs, really embracing them as partners and deepening our integration with them.",4.9
2025,1,Amazon,CEO,Unknown,"This past quarter, Amazon Q, the most capable generative AI-powered assistant for accelerating software development and leveraging your own data, launched a lightning-fast new agentic coding experience within the command line interface that can execute complex workflows autonomously.",4.7
2025,1,Amazon,CEO,Unknown,"As I've referenced a couple times in Q1, we introduced Alexa Plus, our next generation Alexa personal assistant who's meaningfully smarter and more capable than her prior self, can both answer virtually any question and take actions, and is free with Prime or available to non-Prime customers for $19.99 a month.",3.0
2025,1,Amazon,CEO,Unknown,"And of course, we offer our own Amazon Nova state-of-the-art foundation models in Bedrock with the latest premier model launching yesterday.",2.9364
2025,1,Microsoft,CEO,Unknown,"So you can use even, that's the announcement we made a couple of weeks ago, is you can even use Copilot Studio to build autonomous agents.",2.9273
2025,1,Amazon,CEO,Unknown,"And I think when you've also got another thing that people forget is that when you've got 2 million plus sellers, they're not all going to take the same strategy if there ends up being higher tariffs.",2.9
2025,2,Disney,CEO,Unknown,"Meanwhile, we are only a few months away from the launch of ESPN's exciting new direct-to-consumer product offering, and we look forward to sharing pricing and timing details very soon.",5.0
2025,2,Roku,CEO,Unknown,"You know, demand-side platforms, Third-party partnerships, it's a big part of our strategy, and that's working well to really lean into those partnerships.",5.0
2025,2,Warner Bros Discovery,CEO,Unknown,"And we're seeing it at HBO Max, which again added more than 3.4 million subscribers in Q2 as it continues to launch in markets around the world.",4.9545
2025,2,Roku,CEO,Unknown,"You know, demand-side platforms, Third-party partnerships, it's a big part of our strategy, and that's working well to really lean into those partnerships.",4.9
2025,2,Microsoft,CEO,Unknown,"I mean, just not the software optimizations that come because of what DeepSeq has done, but all the work we have done to, for example, reduce the prices of GPT models, you know, over the years in partnership with OpenAI.",4.0
2025,2,Microsoft,CEO,Unknown,"Key to driving, right, one of the key things to note in AI is you just don't launch the frontier model.",3.7682
2025,2,Disney,CEO,Unknown,We remain confident about the direction of the company and optimistic about our outlook for the rest of the fiscal year.,3.7455
2025,2,Disney,CEO,Unknown,This has been an excellent first half of the fiscal year with strong results powered by our disciplined and focused growth strategy.,3.5
2025,3,Roku,CEO,Unknown,"I don't know if Charlie will have anything to add, but I'll just say that, yeah, as you said, it's still early on the Amazon partnership.",4.9227
2025,3,Comcast,CEO,Unknown,"Sunday Night Basketball launches in February, modeled after the success of Sunday Night Football, which has been the number one primetime show for 14 straight years and now averages roughly 25 million viewers.",4.0
2025,3,Apple,CEO,Unknown,"What pieces of the chain are commoditized and not commoditized, I wouldn't want to really talk about today because that gives away some things on our strategy.",3.9
2025,3,Comcast,CEO,Unknown,"We also launched a program that connects customers to a live agent in seconds, which is now available to half of our customer base.",3.8955
2025,3,Apple,CEO,Unknown,"And you could kind of see that in the the most recent announcements, whether it's NP Materials or our manufacturing academy that we're standing up in Detroit in a couple weeks or so.",3.0
2025,3,Comcast,CEO,Unknown,Mike Cavanaugh President and Chief Operating Officer Good morning everyone and thanks for joining us first i'll start with the leadership news we announced earlier this morning.,3.0
2025,3,Apple,CEO,Unknown,And so that's just a reminder of where things are and what we assumed as we calculated the projection of $1.1 billion that's in our outlook color.,2.8636
2025,3,Meta Platforms,CEO,Unknown,"And I think what we haven't really seen as much in the history of the technology industry is the rate of new capabilities being introduced because around each of these capabilities, you can build many new products that I think each will turn into interesting businesses.",2.0
2025,4,Amazon,CEO,Unknown,"And that's a big piece of what we're trying to do with, with training them in our, in our hardware strategy.",3.6909
2025,4,Apple,CEO,Unknown,"From a Mac point of view, the challenge is that last year was sort of the mother of all Mac launches.",3.3591
2025,4,Disney,CEO,Unknown,"First of all, Obviously, we care deeply about our consumer, and our priority has always been to remain on their service without interruption, to close a deal on a timely basis so that interruption does not occur.",2.9
2025,4,Amazon,CEO,Unknown,"We have a lot of respect for the company, and we hope to continue to extend our partnership over time.",2.7636
2025,4,Apple,CEO,Unknown,All of these from Mac Mini to iMac to all the MacBook Pros all launched literally at the same time.,2.75
2025,4,Disney,CFO,Unknown,"In terms of the experiences business and drivers for 26, obviously we've made big investments in cruise and we're expecting cruise to be a meaningful contributor to growth of experiences during the course of the year, particularly in the second half as we get past the launch costs and some of the dry docks that we have in the first half of the year.",6.1
2025,4,Spotify,CFO,Unknown,"But looking at the gross margin pace here in quarter four going into quarter one and also for next year and the things that drives that, I mean, what I said was that the price increases that we have done here is going to outpace the net content cost in 2026.",6.1
2025,4,Disney,CFO,Unknown,"In terms of the experiences business and drivers for 26, obviously we've made big investments in cruise and we're expecting cruise to be a meaningful contributor to growth of experiences during the course of the year, particularly in the second half as we get past the launch costs and some of the dry docks that we have in the first half of the year.",5.0
